DT_GERACAO;HH_GERACAO;ANO_ELEICAO;CD_TIPO_ELEICAO;NM_TIPO_ELEICAO;CD_ELEICAO;DS_ELEICAO;SG_UF;SG_UE;NM_UE;SQ_CANDIDATO;TP_MOTIVO;DS_TP_MOTIVO;CD_MOTIVO;DS_MOTIVO
16/09/2024;03:38:49;2022;2;Elei��o Ordin�ria;546;Elei��es Gerais Estaduais 2022;SP;SP;S�O PAULO;250001643741;J;Fundamentos legais de julgamento;3;Ficha limpa (LC 64/90)
16/09/2024;03:38:49;2022;2;Elei��o Ordin�ria;546;Elei��es Gerais Estaduais 2022;SP;SP;S�O PAULO;250001606233;J;Fundamentos legais de julgamento;3;Ficha limpa (LC 64/90)
16/09/2024;03:38:49;2022;2;Elei��o Ordin�ria;546;Elei��es Gerais Estaduais 2022;SP;SP;S�O PAULO;250001639590;J;Fundamentos legais de julgamento;3;Ficha limpa (LC 64/90)
16/09/2024;03:38:49;2022;2;Elei��o Ordin�ria;546;Elei��es Gerais Estaduais 2022;SP;SP;S�O PAULO;250001643285;J;Fundamentos legais de julgamento;3;Ficha limpa (LC 64/90)
16/09/2024;03:38:49;2022;2;Elei��o Ordin�ria;546;Elei��es Gerais Estaduais 2022;SP;SP;S�O PAULO;250001602063;J;Fundamentos legais de julgamento;3;Ficha limpa (LC 64/90)
16/09/2024;03:38:49;2022;2;Elei��o Ordin�ria;546;Elei��es Gerais Estaduais 2022;SP;SP;S�O PAULO;250001719496;J;Fundamentos legais de julgamento;3;Ficha limpa (LC 64/90)
16/09/2024;03:38:49;2022;2;Elei��o Ordin�ria;546;Elei��es Gerais Estaduais 2022;SP;SP;S�O PAULO;250001602086;J;Fundamentos legais de julgamento;3;Ficha limpa (LC 64/90)
16/09/2024;03:38:49;2022;2;Elei��o Ordin�ria;546;Elei��es Gerais Estaduais 2022;SP;SP;S�O PAULO;250001622102;J;Fundamentos legais de julgamento;3;Ficha limpa (LC 64/90)
16/09/2024;03:38:49;2022;2;Elei��o Ordin�ria;546;Elei��es Gerais Estaduais 2022;SP;SP;S�O PAULO;250001610009;J;Fundamentos legais de julgamento;3;Ficha limpa (LC 64/90)
16/09/2024;03:38:49;2022;2;Elei��o Ordin�ria;546;Elei��es Gerais Estaduais 2022;SP;SP;S�O PAULO;250001614939;J;Fundamentos legais de julgamento;3;Ficha limpa (LC 64/90)
16/09/2024;03:38:49;2022;2;Elei��o Ordin�ria;546;Elei��es Gerais Estaduais 2022;SP;SP;S�O PAULO;250001717136;J;Fundamentos legais de julgamento;3;Ficha limpa (LC 64/90)
16/09/2024;03:38:49;2022;2;Elei��o Ordin�ria;546;Elei��es Gerais Estaduais 2022;SP;SP;S�O PAULO;250001602100;J;Fundamentos legais de julgamento;3;Ficha limpa (LC 64/90)
16/09/2024;03:38:49;2022;2;Elei��o Ordin�ria;546;Elei��es Gerais Estaduais 2022;SP;SP;S�O PAULO;250001610274;J;Fundamentos legais de julgamento;3;Ficha limpa (LC 64/90)
16/09/2024;03:38:49;2022;2;Elei��o Ordin�ria;546;Elei��es Gerais Estaduais 2022;SP;SP;S�O PAULO;250001620738;J;Fundamentos legais de julgamento;3;Ficha limpa (LC 64/90)
16/09/2024;03:38:49;2022;2;Elei��o Ordin�ria;546;Elei��es Gerais Estaduais 2022;SP;SP;S�O PAULO;250001606078;J;Fundamentos legais de julgamento;3;Ficha limpa (LC 64/90)
16/09/2024;03:38:49;2022;2;Elei��o Ordin�ria;546;Elei��es Gerais Estaduais 2022;SP;SP;S�O PAULO;250001614921;J;Fundamentos legais de julgamento;3;Ficha limpa (LC 64/90)
16/09/2024;03:38:49;2022;2;Elei��o Ordin�ria;546;Elei��es Gerais Estaduais 2022;SP;SP;S�O PAULO;250001719437;J;Fundamentos legais de julgamento;3;Ficha limpa (LC 64/90)
16/09/2024;03:38:49;2022;2;Elei��o Ordin�ria;546;Elei��es Gerais Estaduais 2022;SP;SP;S�O PAULO;250001717186;J;Fundamentos legais de julgamento;3;Ficha limpa (LC 64/90)
16/09/2024;03:38:49;2022;2;Elei��o Ordin�ria;546;Elei��es Gerais Estaduais 2022;SP;SP;S�O PAULO;250001621770;J;Fundamentos legais de julgamento;3;Ficha limpa (LC 64/90)
16/09/2024;03:38:49;2022;2;Elei��o Ordin�ria;546;Elei��es Gerais Estaduais 2022;SP;SP;S�O PAULO;250001620654;J;Fundamentos legais de julgamento;3;Ficha limpa (LC 64/90)
16/09/2024;03:38:49;2022;2;Elei��o Ordin�ria;546;Elei��es Gerais Estaduais 2022;SP;SP;S�O PAULO;250001612308;J;Fundamentos legais de julgamento;3;Ficha limpa (LC 64/90)
16/09/2024;03:38:49;2022;2;Elei��o Ordin�ria;546;Elei��es Gerais Estaduais 2022;SP;SP;S�O PAULO;250001612315;J;Fundamentos legais de julgamento;3;Ficha limpa (LC 64/90)
16/09/2024;03:38:49;2022;2;Elei��o Ordin�ria;546;Elei��es Gerais Estaduais 2022;SP;SP;S�O PAULO;250001622050;J;Fundamentos legais de julgamento;3;Ficha limpa (LC 64/90)
16/09/2024;03:38:49;2022;2;Elei��o Ordin�ria;546;Elei��es Gerais Estaduais 2022;SP;SP;S�O PAULO;250001622087;J;Fundamentos legais de julgamento;3;Ficha limpa (LC 64/90)
16/09/2024;03:38:49;2022;2;Elei��o Ordin�ria;546;Elei��es Gerais Estaduais 2022;SP;SP;S�O PAULO;250001606104;J;Fundamentos legais de julgamento;3;Ficha limpa (LC 64/90)
16/09/2024;03:38:49;2022;2;Elei��o Ordin�ria;546;Elei��es Gerais Estaduais 2022;SP;SP;S�O PAULO;250001604960;J;Fundamentos legais de julgamento;3;Ficha limpa (LC 64/90)
16/09/2024;03:38:49;2022;2;Elei��o Ordin�ria;546;Elei��es Gerais Estaduais 2022;SP;SP;S�O PAULO;250001612002;J;Fundamentos legais de julgamento;3;Ficha limpa (LC 64/90)
16/09/2024;03:38:49;2022;2;Elei��o Ordin�ria;546;Elei��es Gerais Estaduais 2022;SP;SP;S�O PAULO;250001619390;J;Fundamentos legais de julgamento;3;Ficha limpa (LC 64/90)
16/09/2024;03:38:49;2022;2;Elei��o Ordin�ria;546;Elei��es Gerais Estaduais 2022;SP;SP;S�O PAULO;250001611231;J;Fundamentos legais de julgamento;3;Ficha limpa (LC 64/90)
16/09/2024;03:38:49;2022;2;Elei��o Ordin�ria;546;Elei��es Gerais Estaduais 2022;SP;SP;S�O PAULO;250001640086;J;Fundamentos legais de julgamento;3;Ficha limpa (LC 64/90)
16/09/2024;03:38:49;2022;2;Elei��o Ordin�ria;546;Elei��es Gerais Estaduais 2022;SP;SP;S�O PAULO;250001621434;J;Fundamentos legais de julgamento;3;Ficha limpa (LC 64/90)
16/09/2024;03:38:49;2022;2;Elei��o Ordin�ria;546;Elei��es Gerais Estaduais 2022;SP;SP;S�O PAULO;250001695290;J;Fundamentos legais de julgamento;6;Aus�ncia de requisito de registro 
16/09/2024;03:38:49;2022;2;Elei��o Ordin�ria;546;Elei��es Gerais Estaduais 2022;SP;SP;S�O PAULO;250001700563;J;Fundamentos legais de julgamento;6;Aus�ncia de requisito de registro 
16/09/2024;03:38:49;2022;2;Elei��o Ordin�ria;546;Elei��es Gerais Estaduais 2022;SP;SP;S�O PAULO;250001723181;J;Fundamentos legais de julgamento;6;Aus�ncia de requisito de registro 
16/09/2024;03:38:49;2022;2;Elei��o Ordin�ria;546;Elei��es Gerais Estaduais 2022;SP;SP;S�O PAULO;250001692538;J;Fundamentos legais de julgamento;6;Aus�ncia de requisito de registro 
16/09/2024;03:38:49;2022;2;Elei��o Ordin�ria;546;Elei��es Gerais Estaduais 2022;SP;SP;S�O PAULO;250001620634;J;Fundamentos legais de julgamento;6;Aus�ncia de requisito de registro 
16/09/2024;03:38:49;2022;2;Elei��o Ordin�ria;546;Elei��es Gerais Estaduais 2022;SP;SP;S�O PAULO;250001610657;J;Fundamentos legais de julgamento;6;Aus�ncia de requisito de registro 
16/09/2024;03:38:49;2022;2;Elei��o Ordin�ria;546;Elei��es Gerais Estaduais 2022;SP;SP;S�O PAULO;250001621465;J;Fundamentos legais de julgamento;6;Aus�ncia de requisito de registro 
16/09/2024;03:38:49;2022;2;Elei��o Ordin�ria;546;Elei��es Gerais Estaduais 2022;SP;SP;S�O PAULO;250001695284;J;Fundamentos legais de julgamento;6;Aus�ncia de requisito de registro 
16/09/2024;03:38:49;2022;2;Elei��o Ordin�ria;546;Elei��es Gerais Estaduais 2022;SP;SP;S�O PAULO;250001677904;J;Fundamentos legais de julgamento;6;Aus�ncia de requisito de registro 
16/09/2024;03:38:49;2022;2;Elei��o Ordin�ria;546;Elei��es Gerais Estaduais 2022;SP;SP;S�O PAULO;250001692526;J;Fundamentos legais de julgamento;6;Aus�ncia de requisito de registro 
16/09/2024;03:38:49;2022;2;Elei��o Ordin�ria;546;Elei��es Gerais Estaduais 2022;SP;SP;S�O PAULO;250001692541;J;Fundamentos legais de julgamento;6;Aus�ncia de requisito de registro 
16/09/2024;03:38:49;2022;2;Elei��o Ordin�ria;546;Elei��es Gerais Estaduais 2022;SP;SP;S�O PAULO;250001695289;J;Fundamentos legais de julgamento;6;Aus�ncia de requisito de registro 
16/09/2024;03:38:49;2022;2;Elei��o Ordin�ria;546;Elei��es Gerais Estaduais 2022;SP;SP;S�O PAULO;250001719443;J;Fundamentos legais de julgamento;6;Aus�ncia de requisito de registro 
16/09/2024;03:38:49;2022;2;Elei��o Ordin�ria;546;Elei��es Gerais Estaduais 2022;SP;SP;S�O PAULO;250001700562;J;Fundamentos legais de julgamento;6;Aus�ncia de requisito de registro 
16/09/2024;03:38:49;2022;2;Elei��o Ordin�ria;546;Elei��es Gerais Estaduais 2022;SP;SP;S�O PAULO;250001677881;J;Fundamentos legais de julgamento;6;Aus�ncia de requisito de registro 
16/09/2024;03:38:49;2022;2;Elei��o Ordin�ria;546;Elei��es Gerais Estaduais 2022;SP;SP;S�O PAULO;250001612289;J;Fundamentos legais de julgamento;6;Aus�ncia de requisito de registro 
16/09/2024;03:38:49;2022;2;Elei��o Ordin�ria;546;Elei��es Gerais Estaduais 2022;SP;SP;S�O PAULO;250001695279;J;Fundamentos legais de julgamento;6;Aus�ncia de requisito de registro 
16/09/2024;03:38:49;2022;2;Elei��o Ordin�ria;546;Elei��es Gerais Estaduais 2022;SP;SP;S�O PAULO;250001719456;J;Fundamentos legais de julgamento;6;Aus�ncia de requisito de registro 
16/09/2024;03:38:49;2022;2;Elei��o Ordin�ria;546;Elei��es Gerais Estaduais 2022;SP;SP;S�O PAULO;250001611868;J;Fundamentos legais de julgamento;6;Aus�ncia de requisito de registro 
16/09/2024;03:38:49;2022;2;Elei��o Ordin�ria;546;Elei��es Gerais Estaduais 2022;SP;SP;S�O PAULO;250001692546;J;Fundamentos legais de julgamento;6;Aus�ncia de requisito de registro 
16/09/2024;03:38:49;2022;2;Elei��o Ordin�ria;546;Elei��es Gerais Estaduais 2022;SP;SP;S�O PAULO;250001620617;J;Fundamentos legais de julgamento;6;Aus�ncia de requisito de registro 
16/09/2024;03:38:49;2022;2;Elei��o Ordin�ria;546;Elei��es Gerais Estaduais 2022;SP;SP;S�O PAULO;250001699819;J;Fundamentos legais de julgamento;6;Aus�ncia de requisito de registro 
16/09/2024;03:38:49;2022;2;Elei��o Ordin�ria;546;Elei��es Gerais Estaduais 2022;SP;SP;S�O PAULO;250001738806;J;Fundamentos legais de julgamento;6;Aus�ncia de requisito de registro 
16/09/2024;03:38:49;2022;2;Elei��o Ordin�ria;546;Elei��es Gerais Estaduais 2022;SP;SP;S�O PAULO;250001699870;J;Fundamentos legais de julgamento;6;Aus�ncia de requisito de registro 
16/09/2024;03:38:49;2022;2;Elei��o Ordin�ria;546;Elei��es Gerais Estaduais 2022;SP;SP;S�O PAULO;250001613979;J;Fundamentos legais de julgamento;6;Aus�ncia de requisito de registro 
16/09/2024;03:38:49;2022;2;Elei��o Ordin�ria;546;Elei��es Gerais Estaduais 2022;SP;SP;S�O PAULO;250001695264;J;Fundamentos legais de julgamento;6;Aus�ncia de requisito de registro 
16/09/2024;03:38:49;2022;2;Elei��o Ordin�ria;546;Elei��es Gerais Estaduais 2022;SP;SP;S�O PAULO;250001692529;J;Fundamentos legais de julgamento;6;Aus�ncia de requisito de registro 
16/09/2024;03:38:49;2022;2;Elei��o Ordin�ria;546;Elei��es Gerais Estaduais 2022;SP;SP;S�O PAULO;250001695278;J;Fundamentos legais de julgamento;6;Aus�ncia de requisito de registro 
16/09/2024;03:38:49;2022;2;Elei��o Ordin�ria;546;Elei��es Gerais Estaduais 2022;SP;SP;S�O PAULO;250001699796;J;Fundamentos legais de julgamento;6;Aus�ncia de requisito de registro 
16/09/2024;03:38:49;2022;2;Elei��o Ordin�ria;546;Elei��es Gerais Estaduais 2022;SP;SP;S�O PAULO;250001611816;J;Fundamentos legais de julgamento;6;Aus�ncia de requisito de registro 
16/09/2024;03:38:49;2022;2;Elei��o Ordin�ria;546;Elei��es Gerais Estaduais 2022;SP;SP;S�O PAULO;250001700569;J;Fundamentos legais de julgamento;6;Aus�ncia de requisito de registro 
16/09/2024;03:38:49;2022;2;Elei��o Ordin�ria;546;Elei��es Gerais Estaduais 2022;SP;SP;S�O PAULO;250001692545;J;Fundamentos legais de julgamento;6;Aus�ncia de requisito de registro 
16/09/2024;03:38:49;2022;2;Elei��o Ordin�ria;546;Elei��es Gerais Estaduais 2022;SP;SP;S�O PAULO;250001719444;J;Fundamentos legais de julgamento;6;Aus�ncia de requisito de registro 
16/09/2024;03:38:49;2022;2;Elei��o Ordin�ria;546;Elei��es Gerais Estaduais 2022;SP;SP;S�O PAULO;250001652091;J;Fundamentos legais de julgamento;6;Aus�ncia de requisito de registro 
16/09/2024;03:38:49;2022;2;Elei��o Ordin�ria;546;Elei��es Gerais Estaduais 2022;SP;SP;S�O PAULO;250001639605;J;Fundamentos legais de julgamento;6;Aus�ncia de requisito de registro 
16/09/2024;03:38:49;2022;2;Elei��o Ordin�ria;546;Elei��es Gerais Estaduais 2022;SP;SP;S�O PAULO;250001695276;J;Fundamentos legais de julgamento;6;Aus�ncia de requisito de registro 
16/09/2024;03:38:49;2022;2;Elei��o Ordin�ria;546;Elei��es Gerais Estaduais 2022;SP;SP;S�O PAULO;250001612010;J;Fundamentos legais de julgamento;6;Aus�ncia de requisito de registro 
16/09/2024;03:38:49;2022;2;Elei��o Ordin�ria;546;Elei��es Gerais Estaduais 2022;SP;SP;S�O PAULO;250001717160;J;Fundamentos legais de julgamento;6;Aus�ncia de requisito de registro 
16/09/2024;03:38:49;2022;2;Elei��o Ordin�ria;546;Elei��es Gerais Estaduais 2022;SP;SP;S�O PAULO;250001692535;J;Fundamentos legais de julgamento;6;Aus�ncia de requisito de registro 
16/09/2024;03:38:49;2022;2;Elei��o Ordin�ria;546;Elei��es Gerais Estaduais 2022;SP;SP;S�O PAULO;250001692517;J;Fundamentos legais de julgamento;6;Aus�ncia de requisito de registro 
16/09/2024;03:38:49;2022;2;Elei��o Ordin�ria;546;Elei��es Gerais Estaduais 2022;SP;SP;S�O PAULO;250001677878;J;Fundamentos legais de julgamento;6;Aus�ncia de requisito de registro 
16/09/2024;03:38:49;2022;2;Elei��o Ordin�ria;546;Elei��es Gerais Estaduais 2022;SP;SP;S�O PAULO;250001700560;J;Fundamentos legais de julgamento;6;Aus�ncia de requisito de registro 
16/09/2024;03:38:49;2022;2;Elei��o Ordin�ria;546;Elei��es Gerais Estaduais 2022;SP;SP;S�O PAULO;250001677925;J;Fundamentos legais de julgamento;6;Aus�ncia de requisito de registro 
16/09/2024;03:38:49;2022;2;Elei��o Ordin�ria;546;Elei��es Gerais Estaduais 2022;SP;SP;S�O PAULO;250001692532;J;Fundamentos legais de julgamento;6;Aus�ncia de requisito de registro 
16/09/2024;03:38:49;2022;2;Elei��o Ordin�ria;546;Elei��es Gerais Estaduais 2022;SP;SP;S�O PAULO;250001695272;J;Fundamentos legais de julgamento;6;Aus�ncia de requisito de registro 
16/09/2024;03:38:49;2022;2;Elei��o Ordin�ria;546;Elei��es Gerais Estaduais 2022;SP;SP;S�O PAULO;250001620266;J;Fundamentos legais de julgamento;6;Aus�ncia de requisito de registro 
16/09/2024;03:38:49;2022;2;Elei��o Ordin�ria;546;Elei��es Gerais Estaduais 2022;SP;SP;S�O PAULO;250001692522;J;Fundamentos legais de julgamento;6;Aus�ncia de requisito de registro 
16/09/2024;03:38:49;2022;2;Elei��o Ordin�ria;546;Elei��es Gerais Estaduais 2022;SP;SP;S�O PAULO;250001695274;J;Fundamentos legais de julgamento;6;Aus�ncia de requisito de registro 
16/09/2024;03:38:49;2022;2;Elei��o Ordin�ria;546;Elei��es Gerais Estaduais 2022;SP;SP;S�O PAULO;250001640086;J;Fundamentos legais de julgamento;6;Aus�ncia de requisito de registro 
16/09/2024;03:38:49;2022;2;Elei��o Ordin�ria;546;Elei��es Gerais Estaduais 2022;SP;SP;S�O PAULO;250001692530;J;Fundamentos legais de julgamento;6;Aus�ncia de requisito de registro 
16/09/2024;03:38:49;2022;2;Elei��o Ordin�ria;546;Elei��es Gerais Estaduais 2022;SP;SP;S�O PAULO;250001643755;J;Fundamentos legais de julgamento;6;Aus�ncia de requisito de registro 
16/09/2024;03:38:49;2022;2;Elei��o Ordin�ria;546;Elei��es Gerais Estaduais 2022;SP;SP;S�O PAULO;250001605029;J;Fundamentos legais de julgamento;6;Aus�ncia de requisito de registro 
16/09/2024;03:38:49;2022;2;Elei��o Ordin�ria;546;Elei��es Gerais Estaduais 2022;SP;SP;S�O PAULO;250001715853;J;Fundamentos legais de julgamento;6;Aus�ncia de requisito de registro 
16/09/2024;03:38:49;2022;2;Elei��o Ordin�ria;546;Elei��es Gerais Estaduais 2022;SP;SP;S�O PAULO;250001695261;J;Fundamentos legais de julgamento;6;Aus�ncia de requisito de registro 
16/09/2024;03:38:49;2022;2;Elei��o Ordin�ria;546;Elei��es Gerais Estaduais 2022;SP;SP;S�O PAULO;250001724704;J;Fundamentos legais de julgamento;6;Aus�ncia de requisito de registro 
16/09/2024;03:38:49;2022;2;Elei��o Ordin�ria;546;Elei��es Gerais Estaduais 2022;SP;SP;S�O PAULO;250001677882;J;Fundamentos legais de julgamento;6;Aus�ncia de requisito de registro 
16/09/2024;03:38:49;2022;2;Elei��o Ordin�ria;546;Elei��es Gerais Estaduais 2022;SP;SP;S�O PAULO;250001723654;J;Fundamentos legais de julgamento;6;Aus�ncia de requisito de registro 
16/09/2024;03:38:49;2022;2;Elei��o Ordin�ria;546;Elei��es Gerais Estaduais 2022;SP;SP;S�O PAULO;250001695266;J;Fundamentos legais de julgamento;6;Aus�ncia de requisito de registro 
16/09/2024;03:38:49;2022;2;Elei��o Ordin�ria;546;Elei��es Gerais Estaduais 2022;SP;SP;S�O PAULO;250001695282;J;Fundamentos legais de julgamento;6;Aus�ncia de requisito de registro 
16/09/2024;03:38:49;2022;2;Elei��o Ordin�ria;546;Elei��es Gerais Estaduais 2022;SP;SP;S�O PAULO;250001692523;J;Fundamentos legais de julgamento;6;Aus�ncia de requisito de registro 
16/09/2024;03:38:49;2022;2;Elei��o Ordin�ria;546;Elei��es Gerais Estaduais 2022;SP;SP;S�O PAULO;250001652584;J;Fundamentos legais de julgamento;6;Aus�ncia de requisito de registro 
16/09/2024;03:38:49;2022;2;Elei��o Ordin�ria;546;Elei��es Gerais Estaduais 2022;SP;SP;S�O PAULO;250001695273;J;Fundamentos legais de julgamento;6;Aus�ncia de requisito de registro 
16/09/2024;03:38:49;2022;2;Elei��o Ordin�ria;546;Elei��es Gerais Estaduais 2022;SP;SP;S�O PAULO;250001715884;J;Fundamentos legais de julgamento;6;Aus�ncia de requisito de registro 
16/09/2024;03:38:49;2022;2;Elei��o Ordin�ria;546;Elei��es Gerais Estaduais 2022;SP;SP;S�O PAULO;250001700568;J;Fundamentos legais de julgamento;6;Aus�ncia de requisito de registro 
16/09/2024;03:38:49;2022;2;Elei��o Ordin�ria;546;Elei��es Gerais Estaduais 2022;SP;SP;S�O PAULO;250001604823;J;Fundamentos legais de julgamento;6;Aus�ncia de requisito de registro 
16/09/2024;03:38:49;2022;2;Elei��o Ordin�ria;546;Elei��es Gerais Estaduais 2022;SP;SP;S�O PAULO;250001739237;J;Fundamentos legais de julgamento;6;Aus�ncia de requisito de registro 
16/09/2024;03:38:49;2022;2;Elei��o Ordin�ria;546;Elei��es Gerais Estaduais 2022;SP;SP;S�O PAULO;250001734074;J;Fundamentos legais de julgamento;6;Aus�ncia de requisito de registro 
16/09/2024;03:38:49;2022;2;Elei��o Ordin�ria;546;Elei��es Gerais Estaduais 2022;SP;SP;S�O PAULO;250001734073;J;Fundamentos legais de julgamento;6;Aus�ncia de requisito de registro 
16/09/2024;03:38:49;2022;2;Elei��o Ordin�ria;546;Elei��es Gerais Estaduais 2022;SP;SP;S�O PAULO;250001620650;J;Fundamentos legais de julgamento;6;Aus�ncia de requisito de registro 
16/09/2024;03:38:49;2022;2;Elei��o Ordin�ria;546;Elei��es Gerais Estaduais 2022;SP;SP;S�O PAULO;250001643257;J;Fundamentos legais de julgamento;6;Aus�ncia de requisito de registro 
16/09/2024;03:38:49;2022;2;Elei��o Ordin�ria;546;Elei��es Gerais Estaduais 2022;SP;SP;S�O PAULO;250001738898;J;Fundamentos legais de julgamento;6;Aus�ncia de requisito de registro 
16/09/2024;03:38:49;2022;2;Elei��o Ordin�ria;546;Elei��es Gerais Estaduais 2022;SP;SP;S�O PAULO;250001699825;J;Fundamentos legais de julgamento;6;Aus�ncia de requisito de registro 
16/09/2024;03:38:49;2022;2;Elei��o Ordin�ria;546;Elei��es Gerais Estaduais 2022;SP;SP;S�O PAULO;250001721381;J;Fundamentos legais de julgamento;6;Aus�ncia de requisito de registro 
16/09/2024;03:38:49;2022;2;Elei��o Ordin�ria;546;Elei��es Gerais Estaduais 2022;SP;SP;S�O PAULO;250001692544;J;Fundamentos legais de julgamento;6;Aus�ncia de requisito de registro 
16/09/2024;03:38:49;2022;2;Elei��o Ordin�ria;546;Elei��es Gerais Estaduais 2022;SP;SP;S�O PAULO;250001700571;J;Fundamentos legais de julgamento;6;Aus�ncia de requisito de registro 
16/09/2024;03:38:49;2022;2;Elei��o Ordin�ria;546;Elei��es Gerais Estaduais 2022;SP;SP;S�O PAULO;250001700561;J;Fundamentos legais de julgamento;6;Aus�ncia de requisito de registro 
16/09/2024;03:38:49;2022;2;Elei��o Ordin�ria;546;Elei��es Gerais Estaduais 2022;SP;SP;S�O PAULO;250001621479;J;Fundamentos legais de julgamento;6;Aus�ncia de requisito de registro 
16/09/2024;03:38:49;2022;2;Elei��o Ordin�ria;546;Elei��es Gerais Estaduais 2022;SP;SP;S�O PAULO;250001643270;J;Fundamentos legais de julgamento;6;Aus�ncia de requisito de registro 
16/09/2024;03:38:49;2022;2;Elei��o Ordin�ria;546;Elei��es Gerais Estaduais 2022;SP;SP;S�O PAULO;250001643286;J;Fundamentos legais de julgamento;6;Aus�ncia de requisito de registro 
16/09/2024;03:38:49;2022;2;Elei��o Ordin�ria;546;Elei��es Gerais Estaduais 2022;SP;SP;S�O PAULO;250001643272;J;Fundamentos legais de julgamento;6;Aus�ncia de requisito de registro 
16/09/2024;03:38:49;2022;2;Elei��o Ordin�ria;546;Elei��es Gerais Estaduais 2022;SP;SP;S�O PAULO;250001700564;J;Fundamentos legais de julgamento;6;Aus�ncia de requisito de registro 
16/09/2024;03:38:49;2022;2;Elei��o Ordin�ria;546;Elei��es Gerais Estaduais 2022;SP;SP;S�O PAULO;250001717134;J;Fundamentos legais de julgamento;6;Aus�ncia de requisito de registro 
16/09/2024;03:38:49;2022;2;Elei��o Ordin�ria;546;Elei��es Gerais Estaduais 2022;SP;SP;S�O PAULO;250001717156;J;Fundamentos legais de julgamento;6;Aus�ncia de requisito de registro 
16/09/2024;03:38:49;2022;2;Elei��o Ordin�ria;546;Elei��es Gerais Estaduais 2022;SP;SP;S�O PAULO;250001613948;J;Fundamentos legais de julgamento;6;Aus�ncia de requisito de registro 
16/09/2024;03:38:49;2022;2;Elei��o Ordin�ria;546;Elei��es Gerais Estaduais 2022;SP;SP;S�O PAULO;250001613963;J;Fundamentos legais de julgamento;6;Aus�ncia de requisito de registro 
16/09/2024;03:38:49;2022;2;Elei��o Ordin�ria;546;Elei��es Gerais Estaduais 2022;SP;SP;S�O PAULO;250001611355;J;Fundamentos legais de julgamento;6;Aus�ncia de requisito de registro 
16/09/2024;03:38:49;2022;2;Elei��o Ordin�ria;546;Elei��es Gerais Estaduais 2022;SP;SP;S�O PAULO;250001602038;J;Fundamentos legais de julgamento;6;Aus�ncia de requisito de registro 
16/09/2024;03:38:49;2022;2;Elei��o Ordin�ria;546;Elei��es Gerais Estaduais 2022;SP;SP;S�O PAULO;250001700017;J;Fundamentos legais de julgamento;6;Aus�ncia de requisito de registro 
16/09/2024;03:38:49;2022;2;Elei��o Ordin�ria;546;Elei��es Gerais Estaduais 2022;SP;SP;S�O PAULO;250001715890;J;Fundamentos legais de julgamento;6;Aus�ncia de requisito de registro 
16/09/2024;03:38:49;2022;2;Elei��o Ordin�ria;546;Elei��es Gerais Estaduais 2022;SP;SP;S�O PAULO;250001621761;J;Fundamentos legais de julgamento;6;Aus�ncia de requisito de registro 
16/09/2024;03:38:49;2022;2;Elei��o Ordin�ria;546;Elei��es Gerais Estaduais 2022;SP;SP;S�O PAULO;250001621769;J;Fundamentos legais de julgamento;6;Aus�ncia de requisito de registro 
16/09/2024;03:38:49;2022;2;Elei��o Ordin�ria;546;Elei��es Gerais Estaduais 2022;SP;SP;S�O PAULO;250001699821;J;Fundamentos legais de julgamento;6;Aus�ncia de requisito de registro 
16/09/2024;03:38:49;2022;2;Elei��o Ordin�ria;546;Elei��es Gerais Estaduais 2022;SP;SP;S�O PAULO;250001721324;J;Fundamentos legais de julgamento;6;Aus�ncia de requisito de registro 
16/09/2024;03:38:49;2022;2;Elei��o Ordin�ria;546;Elei��es Gerais Estaduais 2022;SP;SP;S�O PAULO;250001721322;J;Fundamentos legais de julgamento;6;Aus�ncia de requisito de registro 
16/09/2024;03:38:49;2022;2;Elei��o Ordin�ria;546;Elei��es Gerais Estaduais 2022;SP;SP;S�O PAULO;250001721361;J;Fundamentos legais de julgamento;6;Aus�ncia de requisito de registro 
16/09/2024;03:38:49;2022;2;Elei��o Ordin�ria;546;Elei��es Gerais Estaduais 2022;SP;SP;S�O PAULO;250001721397;J;Fundamentos legais de julgamento;6;Aus�ncia de requisito de registro 
16/09/2024;03:38:49;2022;2;Elei��o Ordin�ria;546;Elei��es Gerais Estaduais 2022;SP;SP;S�O PAULO;250001721353;J;Fundamentos legais de julgamento;6;Aus�ncia de requisito de registro 
16/09/2024;03:38:49;2022;2;Elei��o Ordin�ria;546;Elei��es Gerais Estaduais 2022;SP;SP;S�O PAULO;250001721401;J;Fundamentos legais de julgamento;6;Aus�ncia de requisito de registro 
16/09/2024;03:38:49;2022;2;Elei��o Ordin�ria;546;Elei��es Gerais Estaduais 2022;SP;SP;S�O PAULO;250001721400;J;Fundamentos legais de julgamento;6;Aus�ncia de requisito de registro 
16/09/2024;03:38:49;2022;2;Elei��o Ordin�ria;546;Elei��es Gerais Estaduais 2022;SP;SP;S�O PAULO;250001719467;J;Fundamentos legais de julgamento;6;Aus�ncia de requisito de registro 
16/09/2024;03:38:49;2022;2;Elei��o Ordin�ria;546;Elei��es Gerais Estaduais 2022;SP;SP;S�O PAULO;250001619317;J;Fundamentos legais de julgamento;6;Aus�ncia de requisito de registro 
16/09/2024;03:38:49;2022;2;Elei��o Ordin�ria;546;Elei��es Gerais Estaduais 2022;SP;SP;S�O PAULO;250001619398;J;Fundamentos legais de julgamento;6;Aus�ncia de requisito de registro 
16/09/2024;03:38:49;2022;2;Elei��o Ordin�ria;546;Elei��es Gerais Estaduais 2022;SP;SP;S�O PAULO;250001695267;J;Fundamentos legais de julgamento;6;Aus�ncia de requisito de registro 
16/09/2024;03:38:49;2022;2;Elei��o Ordin�ria;546;Elei��es Gerais Estaduais 2022;SP;SP;S�O PAULO;250001605043;J;Fundamentos legais de julgamento;6;Aus�ncia de requisito de registro 
16/09/2024;03:38:49;2022;2;Elei��o Ordin�ria;546;Elei��es Gerais Estaduais 2022;SP;SP;S�O PAULO;250001719494;J;Fundamentos legais de julgamento;6;Aus�ncia de requisito de registro 
16/09/2024;03:38:49;2022;2;Elei��o Ordin�ria;546;Elei��es Gerais Estaduais 2022;SP;SP;S�O PAULO;250001721394;J;Fundamentos legais de julgamento;6;Aus�ncia de requisito de registro 
16/09/2024;03:38:49;2022;2;Elei��o Ordin�ria;546;Elei��es Gerais Estaduais 2022;SP;SP;S�O PAULO;250001699807;J;Fundamentos legais de julgamento;6;Aus�ncia de requisito de registro 
16/09/2024;03:38:49;2022;2;Elei��o Ordin�ria;546;Elei��es Gerais Estaduais 2022;SP;SP;S�O PAULO;250001692533;J;Fundamentos legais de julgamento;6;Aus�ncia de requisito de registro 
16/09/2024;03:38:49;2022;2;Elei��o Ordin�ria;546;Elei��es Gerais Estaduais 2022;SP;SP;S�O PAULO;250001643306;J;Fundamentos legais de julgamento;6;Aus�ncia de requisito de registro 
16/09/2024;03:38:49;2022;2;Elei��o Ordin�ria;546;Elei��es Gerais Estaduais 2022;SP;SP;S�O PAULO;250001647711;J;Fundamentos legais de julgamento;6;Aus�ncia de requisito de registro 
16/09/2024;03:38:49;2022;2;Elei��o Ordin�ria;546;Elei��es Gerais Estaduais 2022;SP;SP;S�O PAULO;250001715881;J;Fundamentos legais de julgamento;6;Aus�ncia de requisito de registro 
16/09/2024;03:38:49;2022;2;Elei��o Ordin�ria;546;Elei��es Gerais Estaduais 2022;SP;SP;S�O PAULO;250001715882;J;Fundamentos legais de julgamento;6;Aus�ncia de requisito de registro 
16/09/2024;03:38:49;2022;2;Elei��o Ordin�ria;546;Elei��es Gerais Estaduais 2022;SP;SP;S�O PAULO;250001721352;J;Fundamentos legais de julgamento;6;Aus�ncia de requisito de registro 
16/09/2024;03:38:49;2022;2;Elei��o Ordin�ria;546;Elei��es Gerais Estaduais 2022;SP;SP;S�O PAULO;250001721350;J;Fundamentos legais de julgamento;6;Aus�ncia de requisito de registro 
16/09/2024;03:38:49;2022;2;Elei��o Ordin�ria;546;Elei��es Gerais Estaduais 2022;SP;SP;S�O PAULO;250001719485;J;Fundamentos legais de julgamento;6;Aus�ncia de requisito de registro 
16/09/2024;03:38:49;2022;2;Elei��o Ordin�ria;546;Elei��es Gerais Estaduais 2022;SP;SP;S�O PAULO;250001642192;J;Fundamentos legais de julgamento;6;Aus�ncia de requisito de registro 
16/09/2024;03:38:49;2022;2;Elei��o Ordin�ria;546;Elei��es Gerais Estaduais 2022;SP;SP;S�O PAULO;250001643872;J;Fundamentos legais de julgamento;6;Aus�ncia de requisito de registro 
16/09/2024;03:38:49;2022;2;Elei��o Ordin�ria;546;Elei��es Gerais Estaduais 2022;SP;SP;S�O PAULO;250001643920;J;Fundamentos legais de julgamento;6;Aus�ncia de requisito de registro 
16/09/2024;03:38:49;2022;2;Elei��o Ordin�ria;546;Elei��es Gerais Estaduais 2022;SP;SP;S�O PAULO;250001622102;J;Fundamentos legais de julgamento;6;Aus�ncia de requisito de registro 
16/09/2024;03:38:49;2022;2;Elei��o Ordin�ria;546;Elei��es Gerais Estaduais 2022;SP;SP;S�O PAULO;250001699801;J;Fundamentos legais de julgamento;6;Aus�ncia de requisito de registro 
16/09/2024;03:38:49;2022;2;Elei��o Ordin�ria;546;Elei��es Gerais Estaduais 2022;SP;SP;S�O PAULO;250001613951;J;Fundamentos legais de julgamento;6;Aus�ncia de requisito de registro 
16/09/2024;03:38:49;2022;2;Elei��o Ordin�ria;546;Elei��es Gerais Estaduais 2022;SP;SP;S�O PAULO;250001677866;J;Fundamentos legais de julgamento;6;Aus�ncia de requisito de registro 
16/09/2024;03:38:49;2022;2;Elei��o Ordin�ria;546;Elei��es Gerais Estaduais 2022;SP;SP;S�O PAULO;250001692540;J;Fundamentos legais de julgamento;6;Aus�ncia de requisito de registro 
16/09/2024;03:38:49;2022;2;Elei��o Ordin�ria;546;Elei��es Gerais Estaduais 2022;SP;SP;S�O PAULO;250001692520;J;Fundamentos legais de julgamento;6;Aus�ncia de requisito de registro 
16/09/2024;03:38:49;2022;2;Elei��o Ordin�ria;546;Elei��es Gerais Estaduais 2022;SP;SP;S�O PAULO;250001715857;J;Fundamentos legais de julgamento;6;Aus�ncia de requisito de registro 
16/09/2024;03:38:49;2022;2;Elei��o Ordin�ria;546;Elei��es Gerais Estaduais 2022;SP;SP;S�O PAULO;250001621693;J;Fundamentos legais de julgamento;6;Aus�ncia de requisito de registro 
16/09/2024;03:38:49;2022;2;Elei��o Ordin�ria;546;Elei��es Gerais Estaduais 2022;SP;SP;S�O PAULO;250001652087;J;Fundamentos legais de julgamento;6;Aus�ncia de requisito de registro 
16/09/2024;03:38:49;2022;2;Elei��o Ordin�ria;546;Elei��es Gerais Estaduais 2022;SP;SP;S�O PAULO;250001719484;J;Fundamentos legais de julgamento;6;Aus�ncia de requisito de registro 
16/09/2024;03:38:49;2022;2;Elei��o Ordin�ria;546;Elei��es Gerais Estaduais 2022;SP;SP;S�O PAULO;250001643305;J;Fundamentos legais de julgamento;6;Aus�ncia de requisito de registro 
16/09/2024;03:38:49;2022;2;Elei��o Ordin�ria;546;Elei��es Gerais Estaduais 2022;SP;SP;S�O PAULO;250001650566;J;Fundamentos legais de julgamento;6;Aus�ncia de requisito de registro 
16/09/2024;03:38:49;2022;2;Elei��o Ordin�ria;546;Elei��es Gerais Estaduais 2022;SP;SP;S�O PAULO;250001620762;J;Fundamentos legais de julgamento;6;Aus�ncia de requisito de registro 
16/09/2024;03:38:49;2022;2;Elei��o Ordin�ria;546;Elei��es Gerais Estaduais 2022;SP;SP;S�O PAULO;250001611960;J;Fundamentos legais de julgamento;6;Aus�ncia de requisito de registro 
16/09/2024;03:38:49;2022;2;Elei��o Ordin�ria;546;Elei��es Gerais Estaduais 2022;SP;SP;S�O PAULO;250001604998;J;Fundamentos legais de julgamento;6;Aus�ncia de requisito de registro 
16/09/2024;03:38:49;2022;2;Elei��o Ordin�ria;546;Elei��es Gerais Estaduais 2022;SP;SP;S�O PAULO;250001699866;J;Fundamentos legais de julgamento;6;Aus�ncia de requisito de registro 
16/09/2024;03:38:49;2022;2;Elei��o Ordin�ria;546;Elei��es Gerais Estaduais 2022;SP;SP;S�O PAULO;250001621451;J;Fundamentos legais de julgamento;6;Aus�ncia de requisito de registro 
16/09/2024;03:38:49;2022;2;Elei��o Ordin�ria;546;Elei��es Gerais Estaduais 2022;SP;SP;S�O PAULO;250001620276;J;Fundamentos legais de julgamento;6;Aus�ncia de requisito de registro 
16/09/2024;03:38:49;2022;2;Elei��o Ordin�ria;546;Elei��es Gerais Estaduais 2022;SP;SP;S�O PAULO;250001721362;J;Fundamentos legais de julgamento;6;Aus�ncia de requisito de registro 
16/09/2024;03:38:49;2022;2;Elei��o Ordin�ria;546;Elei��es Gerais Estaduais 2022;SP;SP;S�O PAULO;250001606078;J;Fundamentos legais de julgamento;6;Aus�ncia de requisito de registro 
16/09/2024;03:38:49;2022;2;Elei��o Ordin�ria;546;Elei��es Gerais Estaduais 2022;SP;SP;S�O PAULO;250001602025;J;Fundamentos legais de julgamento;6;Aus�ncia de requisito de registro 
16/09/2024;03:38:49;2022;2;Elei��o Ordin�ria;546;Elei��es Gerais Estaduais 2022;SP;SP;S�O PAULO;250001621746;J;Fundamentos legais de julgamento;6;Aus�ncia de requisito de registro 
16/09/2024;03:38:49;2022;2;Elei��o Ordin�ria;546;Elei��es Gerais Estaduais 2022;SP;SP;S�O PAULO;250001620273;J;Fundamentos legais de julgamento;6;Aus�ncia de requisito de registro 
16/09/2024;03:38:49;2022;2;Elei��o Ordin�ria;546;Elei��es Gerais Estaduais 2022;SP;SP;S�O PAULO;250001699797;J;Fundamentos legais de julgamento;6;Aus�ncia de requisito de registro 
16/09/2024;03:38:49;2022;2;Elei��o Ordin�ria;546;Elei��es Gerais Estaduais 2022;SP;SP;S�O PAULO;250001620660;J;Fundamentos legais de julgamento;6;Aus�ncia de requisito de registro 
16/09/2024;03:38:49;2022;2;Elei��o Ordin�ria;546;Elei��es Gerais Estaduais 2022;SP;SP;S�O PAULO;250001620647;J;Fundamentos legais de julgamento;6;Aus�ncia de requisito de registro 
16/09/2024;03:38:49;2022;2;Elei��o Ordin�ria;546;Elei��es Gerais Estaduais 2022;SP;SP;S�O PAULO;250001719437;J;Fundamentos legais de julgamento;6;Aus�ncia de requisito de registro 
16/09/2024;03:38:49;2022;2;Elei��o Ordin�ria;546;Elei��es Gerais Estaduais 2022;SP;SP;S�O PAULO;250001699815;J;Fundamentos legais de julgamento;6;Aus�ncia de requisito de registro 
16/09/2024;03:38:49;2022;2;Elei��o Ordin�ria;546;Elei��es Gerais Estaduais 2022;SP;SP;S�O PAULO;250001620748;J;Fundamentos legais de julgamento;6;Aus�ncia de requisito de registro 
16/09/2024;03:38:49;2022;2;Elei��o Ordin�ria;546;Elei��es Gerais Estaduais 2022;SP;SP;S�O PAULO;250001611848;J;Fundamentos legais de julgamento;6;Aus�ncia de requisito de registro 
16/09/2024;03:38:49;2022;2;Elei��o Ordin�ria;546;Elei��es Gerais Estaduais 2022;SP;SP;S�O PAULO;250001717186;J;Fundamentos legais de julgamento;6;Aus�ncia de requisito de registro 
16/09/2024;03:38:49;2022;2;Elei��o Ordin�ria;546;Elei��es Gerais Estaduais 2022;SP;SP;S�O PAULO;250001725834;J;Fundamentos legais de julgamento;6;Aus�ncia de requisito de registro 
16/09/2024;03:38:49;2022;2;Elei��o Ordin�ria;546;Elei��es Gerais Estaduais 2022;SP;SP;S�O PAULO;250001717803;J;Fundamentos legais de julgamento;6;Aus�ncia de requisito de registro 
16/09/2024;03:38:49;2022;2;Elei��o Ordin�ria;546;Elei��es Gerais Estaduais 2022;SP;SP;S�O PAULO;250001715894;J;Fundamentos legais de julgamento;6;Aus�ncia de requisito de registro 
16/09/2024;03:38:49;2022;2;Elei��o Ordin�ria;546;Elei��es Gerais Estaduais 2022;SP;SP;S�O PAULO;250001721385;J;Fundamentos legais de julgamento;6;Aus�ncia de requisito de registro 
16/09/2024;03:38:49;2022;2;Elei��o Ordin�ria;546;Elei��es Gerais Estaduais 2022;SP;SP;S�O PAULO;250001721330;J;Fundamentos legais de julgamento;6;Aus�ncia de requisito de registro 
16/09/2024;03:38:49;2022;2;Elei��o Ordin�ria;546;Elei��es Gerais Estaduais 2022;SP;SP;S�O PAULO;250001699798;J;Fundamentos legais de julgamento;6;Aus�ncia de requisito de registro 
16/09/2024;03:38:49;2022;2;Elei��o Ordin�ria;546;Elei��es Gerais Estaduais 2022;SP;SP;S�O PAULO;250001620265;J;Fundamentos legais de julgamento;6;Aus�ncia de requisito de registro 
16/09/2024;03:38:49;2022;2;Elei��o Ordin�ria;546;Elei��es Gerais Estaduais 2022;SP;SP;S�O PAULO;250001614934;J;Fundamentos legais de julgamento;6;Aus�ncia de requisito de registro 
16/09/2024;03:38:49;2022;2;Elei��o Ordin�ria;546;Elei��es Gerais Estaduais 2022;SP;SP;S�O PAULO;250001695269;J;Fundamentos legais de julgamento;6;Aus�ncia de requisito de registro 
16/09/2024;03:38:49;2022;2;Elei��o Ordin�ria;546;Elei��es Gerais Estaduais 2022;SP;SP;S�O PAULO;250001692527;J;Fundamentos legais de julgamento;6;Aus�ncia de requisito de registro 
16/09/2024;03:38:49;2022;2;Elei��o Ordin�ria;546;Elei��es Gerais Estaduais 2022;SP;SP;S�O PAULO;250001699858;J;Fundamentos legais de julgamento;6;Aus�ncia de requisito de registro 
16/09/2024;03:38:49;2022;2;Elei��o Ordin�ria;546;Elei��es Gerais Estaduais 2022;SP;SP;S�O PAULO;250001642274;J;Fundamentos legais de julgamento;6;Aus�ncia de requisito de registro 
16/09/2024;03:38:49;2022;2;Elei��o Ordin�ria;546;Elei��es Gerais Estaduais 2022;SP;SP;S�O PAULO;250001613980;J;Fundamentos legais de julgamento;6;Aus�ncia de requisito de registro 
16/09/2024;03:38:49;2022;2;Elei��o Ordin�ria;546;Elei��es Gerais Estaduais 2022;SP;SP;S�O PAULO;250001699784;J;Fundamentos legais de julgamento;6;Aus�ncia de requisito de registro 
16/09/2024;03:38:49;2022;2;Elei��o Ordin�ria;546;Elei��es Gerais Estaduais 2022;SP;SP;S�O PAULO;250001699805;J;Fundamentos legais de julgamento;6;Aus�ncia de requisito de registro 
16/09/2024;03:38:49;2022;2;Elei��o Ordin�ria;546;Elei��es Gerais Estaduais 2022;SP;SP;S�O PAULO;250001721402;J;Fundamentos legais de julgamento;6;Aus�ncia de requisito de registro 
16/09/2024;03:38:49;2022;2;Elei��o Ordin�ria;546;Elei��es Gerais Estaduais 2022;SP;SP;S�O PAULO;250001721411;J;Fundamentos legais de julgamento;6;Aus�ncia de requisito de registro 
16/09/2024;03:38:49;2022;2;Elei��o Ordin�ria;546;Elei��es Gerais Estaduais 2022;SP;SP;S�O PAULO;250001621440;J;Fundamentos legais de julgamento;6;Aus�ncia de requisito de registro 
16/09/2024;03:38:49;2022;2;Elei��o Ordin�ria;546;Elei��es Gerais Estaduais 2022;SP;SP;S�O PAULO;250001643261;J;Fundamentos legais de julgamento;6;Aus�ncia de requisito de registro 
16/09/2024;03:38:49;2022;2;Elei��o Ordin�ria;546;Elei��es Gerais Estaduais 2022;SP;SP;S�O PAULO;250001642236;J;Fundamentos legais de julgamento;6;Aus�ncia de requisito de registro 
16/09/2024;03:38:49;2022;2;Elei��o Ordin�ria;546;Elei��es Gerais Estaduais 2022;SP;SP;S�O PAULO;250001715847;J;Fundamentos legais de julgamento;6;Aus�ncia de requisito de registro 
16/09/2024;03:38:49;2022;2;Elei��o Ordin�ria;546;Elei��es Gerais Estaduais 2022;SP;SP;S�O PAULO;250001622087;J;Fundamentos legais de julgamento;6;Aus�ncia de requisito de registro 
16/09/2024;03:38:49;2022;2;Elei��o Ordin�ria;546;Elei��es Gerais Estaduais 2022;SP;SP;S�O PAULO;250001604960;J;Fundamentos legais de julgamento;6;Aus�ncia de requisito de registro 
16/09/2024;03:38:49;2022;2;Elei��o Ordin�ria;546;Elei��es Gerais Estaduais 2022;SP;SP;S�O PAULO;250001676832;J;Fundamentos legais de julgamento;6;Aus�ncia de requisito de registro 
16/09/2024;03:38:49;2022;2;Elei��o Ordin�ria;546;Elei��es Gerais Estaduais 2022;SP;SP;S�O PAULO;250001612002;J;Fundamentos legais de julgamento;6;Aus�ncia de requisito de registro 
16/09/2024;03:38:49;2022;2;Elei��o Ordin�ria;546;Elei��es Gerais Estaduais 2022;SP;SP;S�O PAULO;250001717129;J;Fundamentos legais de julgamento;6;Aus�ncia de requisito de registro 
16/09/2024;03:38:49;2022;2;Elei��o Ordin�ria;546;Elei��es Gerais Estaduais 2022;SP;SP;S�O PAULO;250001652585;J;Fundamentos legais de julgamento;6;Aus�ncia de requisito de registro 
16/09/2024;03:38:49;2022;2;Elei��o Ordin�ria;546;Elei��es Gerais Estaduais 2022;SP;SP;S�O PAULO;250001619390;J;Fundamentos legais de julgamento;6;Aus�ncia de requisito de registro 
16/09/2024;03:38:49;2022;2;Elei��o Ordin�ria;546;Elei��es Gerais Estaduais 2022;SP;SP;S�O PAULO;250001715874;J;Fundamentos legais de julgamento;6;Aus�ncia de requisito de registro 
16/09/2024;03:38:49;2022;2;Elei��o Ordin�ria;546;Elei��es Gerais Estaduais 2022;SP;SP;S�O PAULO;250001613808;J;Fundamentos legais de julgamento;6;Aus�ncia de requisito de registro 
16/09/2024;03:38:49;2022;2;Elei��o Ordin�ria;546;Elei��es Gerais Estaduais 2022;SP;SP;S�O PAULO;250001621701;J;Fundamentos legais de julgamento;6;Aus�ncia de requisito de registro 
16/09/2024;03:38:49;2022;2;Elei��o Ordin�ria;546;Elei��es Gerais Estaduais 2022;SP;SP;S�O PAULO;250001721378;J;Fundamentos legais de julgamento;6;Aus�ncia de requisito de registro 
16/09/2024;03:38:49;2022;2;Elei��o Ordin�ria;546;Elei��es Gerais Estaduais 2022;SP;SP;S�O PAULO;250001614948;J;Fundamentos legais de julgamento;6;Aus�ncia de requisito de registro 
16/09/2024;03:38:49;2022;2;Elei��o Ordin�ria;546;Elei��es Gerais Estaduais 2022;SP;SP;S�O PAULO;250001699791;J;Fundamentos legais de julgamento;6;Aus�ncia de requisito de registro 
16/09/2024;03:38:49;2022;2;Elei��o Ordin�ria;546;Elei��es Gerais Estaduais 2022;SP;SP;S�O PAULO;250001677903;J;Fundamentos legais de julgamento;6;Aus�ncia de requisito de registro 
16/09/2024;03:38:49;2022;2;Elei��o Ordin�ria;546;Elei��es Gerais Estaduais 2022;SP;SP;S�O PAULO;250001692528;J;Fundamentos legais de julgamento;6;Aus�ncia de requisito de registro 
16/09/2024;03:38:49;2022;2;Elei��o Ordin�ria;546;Elei��es Gerais Estaduais 2022;SP;SP;S�O PAULO;250001620603;J;Fundamentos legais de julgamento;6;Aus�ncia de requisito de registro 
16/09/2024;03:38:49;2022;2;Elei��o Ordin�ria;546;Elei��es Gerais Estaduais 2022;SP;SP;S�O PAULO;250001610017;J;Fundamentos legais de julgamento;6;Aus�ncia de requisito de registro 
16/09/2024;03:38:49;2022;2;Elei��o Ordin�ria;546;Elei��es Gerais Estaduais 2022;SP;SP;S�O PAULO;250001721398;J;Fundamentos legais de julgamento;6;Aus�ncia de requisito de registro 
16/09/2024;03:38:49;2022;2;Elei��o Ordin�ria;546;Elei��es Gerais Estaduais 2022;SP;SP;S�O PAULO;250001610645;J;Fundamentos legais de julgamento;6;Aus�ncia de requisito de registro 
16/09/2024;03:38:49;2022;2;Elei��o Ordin�ria;546;Elei��es Gerais Estaduais 2022;SP;SP;S�O PAULO;250001692543;J;Fundamentos legais de julgamento;6;Aus�ncia de requisito de registro 
16/09/2024;03:38:49;2022;2;Elei��o Ordin�ria;546;Elei��es Gerais Estaduais 2022;SP;SP;S�O PAULO;250001639588;J;Fundamentos legais de julgamento;6;Aus�ncia de requisito de registro 
16/09/2024;03:38:49;2022;2;Elei��o Ordin�ria;546;Elei��es Gerais Estaduais 2022;SP;SP;S�O PAULO;250001719449;J;Fundamentos legais de julgamento;6;Aus�ncia de requisito de registro 
16/09/2024;03:38:49;2022;2;Elei��o Ordin�ria;546;Elei��es Gerais Estaduais 2022;SP;SP;S�O PAULO;250001642204;J;Fundamentos legais de julgamento;6;Aus�ncia de requisito de registro 
16/09/2024;03:38:49;2022;2;Elei��o Ordin�ria;546;Elei��es Gerais Estaduais 2022;SP;SP;S�O PAULO;250001695291;J;Fundamentos legais de julgamento;6;Aus�ncia de requisito de registro 
16/09/2024;03:38:49;2022;2;Elei��o Ordin�ria;546;Elei��es Gerais Estaduais 2022;SP;SP;S�O PAULO;250001642222;J;Fundamentos legais de julgamento;6;Aus�ncia de requisito de registro 
16/09/2024;03:38:49;2022;2;Elei��o Ordin�ria;546;Elei��es Gerais Estaduais 2022;SP;SP;S�O PAULO;250001692531;J;Fundamentos legais de julgamento;6;Aus�ncia de requisito de registro 
16/09/2024;03:38:49;2022;2;Elei��o Ordin�ria;546;Elei��es Gerais Estaduais 2022;SP;SP;S�O PAULO;250001695263;J;Fundamentos legais de julgamento;6;Aus�ncia de requisito de registro 
16/09/2024;03:38:49;2022;2;Elei��o Ordin�ria;546;Elei��es Gerais Estaduais 2022;SP;SP;S�O PAULO;250001692536;J;Fundamentos legais de julgamento;6;Aus�ncia de requisito de registro 
16/09/2024;03:38:49;2022;2;Elei��o Ordin�ria;546;Elei��es Gerais Estaduais 2022;SP;SP;S�O PAULO;250001620717;J;Fundamentos legais de julgamento;6;Aus�ncia de requisito de registro 
